{"SVD": {"RMSE": 0.87790565300794, "MAE": 0.6731720779996845, "HR": 0.036065573770491806, "cHR": 0.036065573770491806, "ARHR": 0.013333333333333332, "Coverage": 0.9245901639344263, "Diversity": 0.03138572161157538, "Novelty": 504.3873857062885}, "Random": {"RMSE": 1.4227093155167418, "MAE": 1.137519430141597, "HR": 0.018032786885245903, "cHR": 0.018032786885245903, "ARHR": 0.00900273224043716, "Coverage": 1.0, "Diversity": 0.05348741648832622, "Novelty": 843.9634426229508}}