{"ContentKNN": {"RMSE": 0.9551742842665126, "MAE": 0.7420942804389119, "HR": 0.004470938897168405, "cHR": 0.004470938897168405, "ARHR": 0.003193527783691718, "Coverage": 0.8822652757078987, "Diversity": 0.5192350912580139, "Novelty": 3937.834791559444}, "Random": {"RMSE": 1.4384593904884624, "MAE": 1.1478085605532495, "HR": 0.00894187779433681, "cHR": 0.00894187779433681, "ARHR": 0.0015045064225392094, "Coverage": 1.0, "Diversity": 0.07194602274942297, "Novelty": 557.8365126676603}}